{
  "accountAssociation": {
    "header": "[FARCASTER'DAN ALINACAK]",
    "payload": "[FARCASTER'DAN ALINACAK]",
    "signature": "[FARCASTER'DAN ALINACAK]"
  },
  "frame": {
    "version": "1",
    "name": "BaseTap",
    "subtitle": "Tap & earn on Base",
    "description": "Tap fast, submit once with batch transactions. Compete on the on-chain leaderboard. Built on Base blockchain.",
    "iconUrl": "https://[DOMAIN]/icon.png",
    "homeUrl": "https://[DOMAIN]",
    "imageUrl": "https://[DOMAIN]/preview.png",
    "splashImageUrl": "https://[DOMAIN]/icon.png",
    "splashBackgroundColor": "#1e3a5f",
    "primaryCategory": "games",
    "tags": ["game", "arcade", "base", "tap"],
    "tagline": "Tap fast. Climb the ranks.",
    "heroImageUrl": "https://[DOMAIN]/preview.png",
    "screenshotUrls": ["https://[DOMAIN]/preview.png"],
    "ogTitle": "BaseTap - Tap Game on Base",
    "ogDescription": "Tap fast, submit once. Compete on the leaderboard!",
    "ogImageUrl": "https://[DOMAIN]/preview.png"
  }
}
